date0,date1,disp,error
2019-01-01,2019-01-04,0.8037655175641802,0.7737655030411256
2019-01-01,2019-03-20,15.388384421529105,14.608383538724887
2019-01-01,2019-04-17,15.583762973555507,14.523761251750077
2019-01-01,2019-04-18,15.527113108383691,14.457111347050962
2019-01-01,2019-06-28,2.972167522487745,1.1921594988543212
2019-01-01,2019-06-29,2.7247838807809037,0.9347756903148762
2019-01-01,2019-08-09,-6.793253477961053,-8.99327237279473
2019-01-01,2019-10-04,-12.23050136805955,-14.990559762809953
2019-01-01,2019-11-23,-6.115585593011331,-9.375744729156565
2019-01-01,2019-12-02,-4.1078706101288684,-7.458061176704056
2019-01-01,2020-05-17,15.67182210687864,10.646439489587415
2019-01-01,2020-06-29,6.204267781204784,0.7415521366988771
2019-01-01,2020-07-02,5.461246899909039,-0.03225451984161998
2019-01-01,2020-11-11,-4.465013740979738,-11.452567283371277
2019-01-01,2020-11-14,-3.9085842790507925,-10.93762008152688
2019-01-01,2020-11-21,-2.496728139709279,-9.625331967376695
2019-01-01,2020-11-28,-0.9411366089093853,-8.173642740789443
2019-01-01,2021-02-15,19.55113200978515,10.578054178334105
2019-01-01,2021-04-14,26.42745246769814,14.67154306211265
2019-01-01,2021-06-12,22.046115205518316,5.089868642629354
2019-01-01,2022-01-03,31.077896189432533,0.5804368526479153
2019-01-01,2022-02-22,43.03868881859777,11.738955026516724
2019-01-01,2022-02-25,43.545159964789114,12.205017456683995
2019-01-01,2022-12-08,28.35100314475853,-6.0184347817125206
2019-01-01,2023-04-24,49.70811403224996,13.968150546182926
2019-01-01,2023-05-04,48.66608769118255,12.8261176288454
2019-01-01,2023-09-14,22.87845830422426,-14.291539383252776
2019-01-01,2023-10-12,22.674163501036656,-14.775835077322515
2019-01-01,2023-11-27,29.36148342799254,-8.548515864191481
2019-01-01,2023-12-05,31.21321251461996,-6.7767868474932484
2019-01-04,2019-03-20,15.16328225164363,14.413281383362465
2019-01-04,2019-04-17,15.727853258720371,14.697851551437997
2019-01-04,2019-04-18,15.684150913113655,14.644149166303981
2019-01-04,2019-06-28,3.7118981469617505,1.9618901378513816
2019-01-04,2019-06-29,3.465800894732218,1.7057927187892452
2019-01-04,2019-08-09,-6.192007681181211,-8.362026561491833
2019-01-04,2019-10-04,-12.267990995200538,-14.998049375427888
2019-01-04,2019-11-23,-6.737092861220649,-9.967251982842829
2019-01-04,2019-12-02,-4.799286229502126,-8.119476781554258
2019-01-04,2020-05-17,16.17271993211929,11.17733732935112
2019-01-04,2020-06-29,6.946099877943876,1.5133842479610238
2019-01-04,2020-07-02,6.205053541926482,0.7415521366988771
2019-01-04,2020-11-11,-4.979465983987088,-11.937019511855572
2019-01-04,2020-11-14,-4.453531495418243,-11.452567283371277
2019-01-04,2020-11-21,-3.1073645226148203,-10.205968335759183
2019-01-04,2020-11-28,-1.6090529568887266,-8.81155907424573
2019-01-04,2021-02-15,18.958445311978473,10.015367495050482
2019-01-04,2021-04-14,26.538956989300885,14.81304759823845
2019-01-04,2021-06-12,22.73719624020021,5.810949691834306
2019-01-04,2022-01-03,30.27393742302021,-0.19352189924134944
2019-01-04,2022-02-22,42.5113688303409,11.241635052782911
2019-01-04,2022-02-25,43.04909752009878,11.738955026516724
2019-01-04,2022-12-08,27.620263820829624,-6.719174091118373
2019-01-04,2023-04-24,49.941541768143196,14.231578296599213
2019-01-04,2023-05-04,49.0202128942663,13.210242846452212
2019-01-04,2023-09-14,23.10247421292906,-14.03752346002492
2019-01-04,2023-10-12,22.530564974818482,-14.889433589017637
2019-01-04,2023-11-27,28.707051140674373,-9.17294813698659
2019-01-04,2023-12-05,30.50193817088611,-7.458061176704046
2019-03-20,2019-04-17,7.228869677513586,6.948868838512375
2019-03-20,2019-04-18,7.466508182349029,7.176507303820518
2019-03-20,2019-06-28,15.832812737138033,14.832805596308827
2019-03-20,2019-06-29,15.802201032785735,14.792193725123926
2019-03-20,2019-08-09,11.070065818096834,9.650047806067375
2019-03-20,2019-10-04,-1.9411584657211571,-3.921215977667343
2019-03-20,2019-11-23,-11.051322268111747,-13.531480521452762
2019-03-20,2019-12-02,-11.79759564764403,-14.367785331414998
2019-03-20,2020-05-17,16.95298179659516,12.707600062108156
2019-03-20,2020-06-29,19.441576308412714,14.758861546711024
2019-03-20,2020-07-02,19.3145281775129,14.601027640566459
2019-03-20,2020-11-11,-5.826435008137038,-12.03398766772436
2019-03-20,2020-11-14,-6.2308435980760555,-12.479878517747926
2019-03-20,2020-11-21,-7.0405721192347634,-13.389175064097962
2019-03-20,2020-11-28,-7.652054514500164,-14.104559763576004
2019-03-20,2021-02-15,0.23699505095133766,-7.956081897695489
2019-03-20,2021-04-14,17.346833810521524,6.370925287740251
2019-03-20,2021-06-12,31.073359633442777,14.897113953358037
2019-03-20,2022-01-03,15.251781494029215,-14.465676959951184
2019-03-20,2022-02-22,24.09046529416093,-6.429267615115898
2019-03-20,2022-02-25,24.83851988920901,-5.721621736091892
2019-03-20,2022-12-08,18.842232437834593,-14.747204605832241
2019-03-20,2023-04-24,43.45539159948457,8.49542899622175
2019-03-20,2023-05-04,45.54615868801629,10.48618950848336
2019-03-20,2023-09-14,37.58215630352714,1.1921594988543225
2019-03-20,2023-10-12,30.799630147139553,-5.8703675484154
2019-03-20,2023-11-27,23.185489429855775,-13.944508979524027
2019-03-20,2023-12-05,22.639069209052742,-14.570929270256249
2019-04-17,2019-04-18,0.2680236708012077,0.2580236312739076
2019-04-17,2019-06-28,14.899807005524975,14.17980070369698
2019-04-17,2019-06-29,14.991862055599348,14.261855586938749
2019-04-17,2019-08-09,15.01205578795588,13.872038614927632
2019-04-17,2019-10-04,4.932216398645927,3.232159725700952
2019-04-17,2019-11-23,-6.7931149584549235,-8.99327237279473
2019-04-17,2019-12-02,-8.446741394470209,-10.736930239239967
2019-04-17,2020-05-17,11.535105326758085,7.569724431272289
2019-04-17,2020-06-29,18.723342372977818,14.320628450277338
2019-04-17,2020-07-02,18.96529038833049,14.53179069038526
2019-04-17,2020-11-11,-0.5890059918368227,-6.516557812422933
2019-04-17,2020-11-14,-1.2357800872761775,-7.204814167946837
2019-04-17,2020-11-21,-2.6644662916247306,-8.733068397486718
2019-04-17,2020-11-28,-3.96233951951847,-10.1348439295931
2019-04-17,2021-02-15,-5.028653174244988,-12.941729283890604
2019-04-17,2021-04-14,10.051015622974232,-0.6448920608058286
2019-04-17,2021-06-12,28.285931647704494,12.389686806620967
2019-04-17,2022-01-03,14.77947594974337,-14.657981665235818
2019-04-17,2022-02-22,18.263759083103956,-11.97597298717166
2019-04-17,2022-02-25,18.78601940723233,-11.494121379067359
2019-04-17,2022-12-08,21.510487713366622,-11.798948491299
2019-04-17,2023-04-24,36.481854241996814,1.8018924777352052
2019-04-17,2023-05-04,39.1043279511745,4.32435961064278
2019-04-17,2023-09-14,44.09340304838321,7.983407082711602
2019-04-17,2023-10-12,37.58215635540807,1.1921594988543225
2019-04-17,2023-11-27,27.052595735474682,-9.797401834903908
2019-04-17,2023-12-05,25.667033839323526,-11.262963800984256
2019-04-18,2019-06-28,14.803556051596628,14.093549789295933
2019-04-18,2019-06-29,14.89980713283028,14.17980070369698
2019-04-18,2019-08-09,15.098167679683868,13.96815054618292
2019-04-18,2019-10-04,5.173700493553728,3.4836438601360524
2019-04-18,2019-11-23,-6.595278722297756,-8.785436097110262
2019-04-18,2019-12-02,-8.274972306942738,-10.555161112185196
2019-04-18,2020-05-17,11.301227027816918,7.345846171858422
2019-04-18,2020-06-29,18.63445047639838,14.241736593225204
2019-04-18,2020-07-02,18.889176618369103,14.465676959951173
2019-04-18,2020-11-11,-0.3656394194873309,-6.283191200546141
2019-04-18,2020-11-14,-1.0184034458351947,-6.977437486978554
2019-04-18,2020-11-21,-2.463390065870321,-8.521992132205009
2019-04-18,2020-11-28,-3.7806206706327368,-9.943125041180066
2019-04-18,2021-02-15,-5.167188990086292,-13.070265060204608
2019-04-18,2021-04-14,9.78332594245031,-0.9025817018024516
2019-04-18,2021-06-12,28.12865034971297,12.242405548156738
2019-04-18,2022-01-03,14.826429934885429,-14.60102764056646
2019-04-18,2022-02-22,18.10016726343361,-12.129564767314706
2019-04-18,2022-02-25,18.611936470161353,-11.658204276611038
2019-04-18,2022-12-08,21.661554573033587,-11.637881592104737
2019-04-18,2023-04-24,36.21543241038197,1.5454706856476654
2019-04-18,2023-05-04,38.84661937807145,4.076651077067034
2019-04-18,2023-09-14,44.300665019173195,8.200669093028889
2019-04-18,2023-10-12,37.829187345244456,1.4491905282180146
2019-04-18,2023-11-27,27.239425907786092,-9.6005716230652
2019-04-18,2023-12-05,25.829113646841613,-11.09088395393887
2019-06-28,2019-06-29,0.26802379810651156,0.2580236312739076
2019-06-28,2019-08-09,10.338962995684831,9.918952124484578
2019-06-28,2019-10-04,15.880901193505386,14.900850822388405
2019-06-28,2019-11-23,9.895655505937327,8.415504393425516
2019-06-28,2019-12-02,7.970293790790634,6.40011124784887
2019-06-28,2020-05-17,-6.527580828944231,-9.772955422602031
2019-06-28,2020-06-29,4.134203043656349,0.4514954227838657
2019-06-28,2020-07-02,4.937802627165107,1.2243092310478711
2019-06-28,2020-11-11,15.85398500834553,10.646439489587415
2019-06-28,2020-11-14,15.336220947441022,10.087193168598358
2019-06-28,2020-11-21,14.029134982198007,8.680539178164015
2019-06-28,2020-11-28,12.60066536519832,7.1481672569516865
2019-06-28,2021-02-15,-4.196769415761262,-11.389839223578884
2019-06-28,2021-04-14,-4.401116197246301,-14.377017579198368
2019-06-28,2021-06-12,11.223898704474749,-3.952339834780786
2019-06-28,2022-01-03,26.94758395425514,-1.7698673588960525
2019-06-28,2022-02-22,17.075751403434502,-12.443974365013121
2019-06-28,2022-02-25,16.70068727471701,-12.859447209754688
2019-06-28,2022-12-08,37.496834809669075,4.907404906831446
2019-06-28,2023-04-24,20.470512589138217,-13.489442873295395
2019-06-28,2023-05-04,21.892558407525286,-12.16740363117844
2019-06-28,2023-09-14,49.9983732025685,14.60838353872489
2019-06-28,2023-10-12,50.19375180647584,14.523761251750086
2019-06-28,2023-11-27,43.67185206524014,7.5418607966895435
2019-06-28,2023-12-05,41.90178399434795,5.69179265586816
2019-06-29,2019-08-09,10.133937851003333,9.723927146635685
2019-06-29,2019-10-04,15.898314245890317,14.92826404160594
2019-06-29,2019-11-23,10.098000356358869,8.627849410679662
2019-06-29,2019-12-02,8.19270465561524,6.63252227950608
2019-06-29,2020-05-17,-6.731877556017632,-9.967251982842829
2019-06-29,2020-06-29,3.8662293532811742,0.1935218992412948
2019-06-29,2020-07-02,4.670458585895073,0.9669653566104404
2019-06-29,2020-11-11,16.024172018527366,10.826626666601856
2019-06-29,2020-11-14,15.515695641933762,10.276668029923702
2019-06-29,2020-11-21,14.228278703265708,8.889683066064318
2019-06-29,2020-11-28,12.81644913776445,7.3739511963504185
2019-06-29,2021-02-15,-4.037184684511816,-11.220254325496834
2019-06-29,2021-04-14,-4.482577672223588,-14.44847888734305
2019-06-29,2021-06-12,10.96557764530779,-4.2006607271151415
2019-06-29,2022-01-03,27.19406689835758,-1.5133842479610091
2019-06-29,2022-02-22,17.211662679071203,-12.298062922543815
2019-06-29,2022-02-25,16.825426272214234,-12.724708045424858
2019-06-29,2022-12-08,37.72993284595083,5.150503109945803
2019-06-29,2023-04-24,20.349664214134034,-13.600291081466974
2019-06-29,2023-05-04,21.733460104677764,-12.316501767193355
2019-06-29,2023-09-14,49.92763745152042,14.54764795450941
2019-06-29,2023-10-12,50.246103729723096,14.586113341829952
2019-06-29,2023-11-27,43.88377375551582,7.763782653797828
2019-06-29,2023-12-05,42.129668003120926,5.929676831473739
2019-08-09,2019-10-04,12.876541267110063,12.316501767193335
2019-08-09,2019-11-23,15.583901493061635,14.523761251750077
2019-08-09,2019-12-02,14.921993396008059,13.771821724266548
2019-08-09,2020-05-17,-12.030596078071289,-14.855959800528836
2019-08-09,2020-06-29,-6.313070137947724,-9.575766887619954
2019-08-09,2020-07-02,-5.673954596967333,-8.967437121884316
2019-08-09,2020-11-11,19.761316656606024,14.973782009048161
2019-08-09,2020-11-14,19.737134755419248,14.908117847776836
2019-08-09,2020-11-21,19.5296125734002,14.601027640566459
2019-08-09,2020-11-28,19.114961886290892,14.082474649244508
2019-08-09,2021-02-15,4.683333067294906,-2.0897258693224634
2019-08-09,2021-04-14,-4.057974280677142,-13.613864791428956
2019-08-09,2021-06-12,2.222925910627051,-12.533301757428232
2019-08-09,2022-01-03,36.81943257415596,8.52199213220502
2019-08-09,2022-02-22,25.30317421690342,-3.796540680343945
2019-08-09,2022-02-25,24.600066250436143,-4.5400573628353
2019-08-09,2022-12-08,45.22382786566589,13.054408834028512
2019-08-09,2023-04-24,19.082833244182403,-14.457111347050956
2019-08-09,2023-05-04,18.711687125897527,-14.92826404160594
2019-08-09,2023-09-14,43.67680270977981,8.706823917136449
2019-08-09,2023-10-12,48.62458260547878,13.37460292195328
2019-08-09,2023-11-27,49.94155869394956,14.231578296599213
2019-08-09,2023-12-05,49.23682434163791,13.446843874358377
2019-10-04,2019-11-23,11.868925153855036,11.368824412460206
2019-10-04,2019-12-02,13.33188936404699,12.741757192222208
2019-10-04,2020-05-17,-7.916983022252713,-10.182307244793533
2019-10-04,2020-06-29,-12.243268107525346,-14.945925357280847
2019-10-04,2020-07-02,-12.258226231379533,-14.991669256379788
2019-10-04,2020-11-11,13.502184653287884,9.274689505646748
2019-10-04,2020-11-14,14.139446221016161,9.870468813290477
2019-10-04,2020-11-21,15.524346691848123,11.155801258931112
2019-10-04,2020-11-28,16.752014951226787,12.279567214097133
2019-10-04,2021-02-15,17.216629507302596,11.003610070601955
2019-10-04,2021-04-14,6.3964226006065035,-2.5994284102285823
2019-10-04,2021-06-12,0.27557866152041655,-13.920609506618138
2019-10-04,2022-01-03,42.73732291542783,14.99992197339362
2019-10-04,2022-02-22,38.28813921942848,9.748463822097838
2019-10-04,2022-02-25,37.72749057894371,9.147406465588993
2019-10-04,2022-12-08,45.126909984562985,13.51753045284234
2019-10-04,2023-04-24,28.011586674291316,-4.968318417025315
2019-10-04,2023-05-04,25.762204485952076,-7.317707181634665
2019-10-04,2023-09-14,29.35042325568383,-5.059516037042805
2019-10-04,2023-10-12,36.74772124445774,2.057781060848974
2019-10-04,2023-11-27,47.16464586210795,12.014704964674339
2019-10-04,2023-12-05,48.36302586024224,13.13308489287943
2019-11-23,2019-12-02,2.403092143870294,2.313060713440341
2019-11-23,2020-05-17,3.471016199935235,1.7057927187892452
2019-11-23,2020-06-29,-6.58287958874959,-8.785436097110262
2019-11-23,2020-07-02,-7.1675581640195265,-9.400900447624952
2019-11-23,2020-11-11,0.8425718276598824,-2.8848225785864225
2019-11-23,2020-11-14,1.6472156510117366,-2.121661015319117
2019-11-23,2020-11-21,3.5459241004099757,-0.3225205911122069
2019-11-23,2020-11-28,5.45363780842143,1.4812908126866065
2019-11-23,2021-02-15,20.6174374881538,14.90451879284799
2019-11-23,2021-04-14,17.996837751865904,9.50108748242565
2019-11-23,2021-06-12,8.849686793458535,-4.846400633285191
2019-11-23,2022-01-03,37.05910314660764,9.821802945968255
2019-11-23,2022-02-22,43.03949662932943,14.99992197339362
2019-11-23,2022-02-25,43.05743931248205,14.97745594052217
2019-11-23,2022-12-08,34.9993527799569,3.8900739896310825
2019-11-23,2023-04-24,39.96583339024978,7.486029040327975
2019-11-23,2023-05-04,37.73031403613771,5.150503109945803
2019-11-23,2023-09-14,19.90671018456298,-14.003128366768824
2019-11-23,2023-10-12,24.270887317729358,-9.91895212448458
2019-11-23,2023-11-27,35.68117128325582,1.0313311272170398
2019-11-23,2023-12-05,37.80433193551033,3.0744917095423596
2019-12-02,2020-05-17,5.658637467776876,3.983445417060839
2019-12-02,2020-06-29,-4.693021212539438,-6.805546290470158
2019-12-02,2020-07-02,-5.342718187152501,-7.486029040327973
2019-12-02,2020-11-11,-1.4828347378591897,-5.120197713675542
2019-12-02,2020-11-14,-0.7072444183652462,-4.386089654266147
2019-12-02,2020-11-21,1.1472243540280531,-2.6311889070641765
2019-12-02,2020-11-28,3.0441342117242742,-0.838181353580597
2019-12-02,2021-02-15,20.08856422482703,14.465676959951173
2019-12-02,2021-04-14,19.583056168361423,11.17733732935112
2019-12-02,2021-06-12,11.006627586085191,-2.5994284102285823
2019-12-02,2022-01-03,35.10335066790488,7.9560818976954515
2019-12-02,2022-02-22,42.777512141906,14.827968916400147
2019-12-02,2022-02-25,42.915030759700954,14.925078818171025
2019-12-02,2022-12-08,32.62886933474126,1.609621974845396
2019-12-02,2023-04-24,41.79067336711684,9.400900447624988
2019-12-02,2023-05-04,39.75110732034663,7.261327824584669
2019-12-02,2023-09-14,19.155010853676885,-14.664796267224963
2019-12-02,2023-10-12,22.564345122900214,-11.535462888883771
2019-12-02,2023-11-27,33.271217161688845,-1.288591563919986
2019-12-02,2023-12-05,35.413574298579135,0.7737655030411098
2020-05-17,2020-06-29,10.548374952033925,10.111041924819242
2020-05-17,2020-07-02,11.137255082066662,10.669136279607228
2020-05-17,2020-11-11,3.154330423954636,1.1921594988543212
2020-05-17,2020-11-14,2.4229076587880187,0.41925447360315476
2020-05-17,2020-11-21,0.7182512049453176,-1.384970005430875
2020-05-17,2020-11-28,-0.9620128191438622,-3.169136333732696
2020-05-17,2021-02-15,-11.052296116210567,-14.999991330370387
2020-05-17,2021-04-14,-1.3889499932599927,-8.119476781554258
2020-05-17,2021-06-12,18.36013156071362,6.429267615115885
2020-05-17,2022-01-03,14.424727545850041,-11.047349173643353
2020-05-17,2022-02-22,11.377237221431779,-14.897113953358042
2020-05-17,2022-02-25,11.527950685429785,-14.786809205384111
2020-05-17,2022-12-08,23.83178497090374,-5.51227033827609
2020-05-17,2023-04-24,24.755290453715446,-5.959290415060367
2020-05-17,2023-05-04,27.299579027968853,-3.5150084170770715
2020-05-17,2023-09-14,45.44543101643073,13.300815946244915
2020-05-17,2023-10-12,40.999616030608514,8.575000069540563
2020-05-17,2023-11-27,30.158219861022193,-2.7263968138706027
2020-05-17,2023-12-05,28.24049243388771,-4.724124310934277
2020-06-29,2020-07-02,0.8045512782858782,0.7737655030411256
2020-06-29,2020-11-11,12.484505351663007,10.959667453777374
2020-06-29,2020-11-14,11.983101689603327,10.416781531633145
2020-06-29,2020-11-21,10.71070618920358,9.044818006042071
2020-06-29,2020-11-28,9.31165128406371,7.5418607966895586
2020-06-29,2021-02-15,-7.580521766993724,-11.090883953938862
2020-06-29,2021-04-14,-8.206076394921876,-14.499270156001458
2020-06-29,2021-06-12,7.107441264116904,-4.386089654266147
2020-06-29,2022-01-03,23.714019824908885,-1.3207238673698245
2020-06-29,2022-02-22,13.650779430271786,-12.18623871730335
2020-06-29,2022-02-25,13.256246487726846,-12.621180375872365
2020-06-29,2022-12-08,34.23855275991916,5.3318304779540115
2020-06-29,2023-04-24,16.596459962421648,-13.680787879139478
2020-06-29,2023-05-04,17.951318478449522,-12.425935939381715
2020-06-29,2023-09-14,46.206552198972574,14.499270156001446
2020-06-29,2023-10-12,46.61732875500503,14.630045821151764
2020-06-29,2023-11-27,40.37600357301708,7.928719925338968
2020-06-29,2023-12-05,38.63422599792113,6.106942280313824
2020-07-02,2020-11-11,12.967422979152719,11.473370856511838
2020-07-02,2020-11-14,12.495201836502803,10.959667453777374
2020-07-02,2020-11-21,11.285150213984132,9.650047806067375
2020-07-02,2020-11-28,9.939673805158307,8.200669093028909
2020-07-02,2021-02-15,-7.075584700484811,-10.555161112185196
2020-07-02,2021-04-14,-8.415814032868216,-14.678222018703046
2020-07-02,2021-06-12,6.3425474294627575,-5.120197713675542
2020-07-02,2022-01-03,24.45575276871216,-0.5482051483217989
2020-07-02,2022-02-22,14.087383848134154,-11.71884852419623
2020-07-02,2022-02-25,13.66040237105111,-12.18623871730335
2020-07-02,2022-12-08,34.923901798026684,6.047965291306293
2020-07-02,2023-04-24,16.26658758847541,-13.979874477840964
2020-07-02,2023-05-04,17.503656531981893,-12.842812110604594
2020-07-02,2023-09-14,45.95820707274804,14.281710805021657
2020-07-02,2023-10-12,46.73785347298781,14.781356314379291
2020-07-02,2023-11-27,40.991497941973925,8.575000069540563
2020-07-02,2023-12-05,39.30204423283271,6.80554629047016
2020-11-11,2020-11-14,0.8152477631256744,0.7737655030411256
2020-11-11,2020-11-21,2.708706179428875,2.5676558941529977
2020-11-11,2020-11-28,4.569312200131285,4.324359610642766
2020-11-11,2021-02-15,16.9367840363804,14.951259747320893
2020-11-11,2021-04-14,11.859744002488114,7.091388139294164
2020-11-11,2021-06-12,2.4826639801694457,-7.486029040327973
2020-11-11,2022-01-03,35.32874311833991,11.81883732394683
2020-11-11,2022-02-22,39.022778406995684,14.71059815730618
2020-11-11,2022-02-25,38.8923419026239,14.539752936910318
2020-11-11,2022-12-08,33.985461213239425,6.603576829159914
2020-11-11,2023-04-24,33.5988105769607,4.846400633285206
2020-11-11,2023-05-04,31.197340610103396,2.34492409015779
2020-11-11,2023-09-14,17.47484408297734,-12.707600062108156
2020-11-11,2023-10-12,22.89272060469531,-7.5697244312723235
2020-11-11,2023-11-27,34.812519739423564,3.8900739896310825
2020-11-11,2023-12-05,36.84311794289968,5.84067212317801
2020-11-14,2020-11-21,1.901460502926586,1.8018924777352574
2020-11-14,2020-11-28,3.781158957315117,3.577688627911147
2020-11-14,2021-02-15,16.937722312193394,14.993680283218437
2020-11-14,2021-04-14,12.490656256907236,7.763782653797834
2020-11-14,2021-06-12,3.121664469942713,-6.805546290470158
2020-11-14,2022-01-03,34.795060720393465,11.326637186084938
2020-11-14,2022-02-22,39.112971171854866,14.842273182249908
2020-11-14,2022-02-25,39.02170486293521,14.71059815730618
2020-11-14,2022-12-08,33.240437954235674,5.900035830240713
2020-11-14,2023-04-24,34.28314222245028,5.572214538859338
2020-11-14,2023-05-04,31.916988587868683,3.1060543280076263
2020-11-14,2023-09-14,17.039165748399583,-13.101796136601365
2020-11-14,2023-10-12,22.193305248877685,-8.227657527005398
2020-11-14,2023-11-27,34.01856607440324,3.1376025846953053
2020-11-14,2023-12-05,36.08116127331266,5.120197713675541
2020-11-21,2020-11-28,1.9057947819478989,1.8018924777352574
2020-11-21,2021-02-15,16.78187950643452,14.937405502650893
2020-11-21,2021-04-14,13.876623774352648,9.249318196434574
2020-11-21,2021-06-12,4.677139625275728,-5.150503109945814
2020-11-21,2022-01-03,33.43215328031956,10.063297771202363
2020-11-21,2022-02-22,39.166543963608305,14.995413999194682
2020-11-21,2022-02-25,39.16785629151182,14.956317611074118
2020-11-21,2022-12-08,31.441494825918763,4.200660727115127
2020-11-21,2023-04-24,35.81617382634644,7.204814167946827
2020-11-21,2023-05-04,33.55776686795493,4.846400633285206
2020-11-21,2023-09-14,16.157116168531232,-13.88427769127839
2020-11-21,2023-10-12,20.646675725835546,-9.67471902485621
2020-11-21,2023-11-27,32.13424552857178,1.3528500640551755
2020-11-21,2023-12-05,34.250849658166054,3.3894541237202582
2020-11-28,2021-02-15,16.40536796679595,14.664796267224961
2020-11-28,2021-04-14,15.124301607369668,10.600898333664237
2020-11-28,2021-06-12,6.302873862686097,-3.4208665683228037
2020-11-28,2022-01-03,31.9191675070093,8.654214302104739
2020-11-28,2022-02-22,38.998607899917786,14.931380239716805
2020-11-28,2022-02-25,39.09306508719292,14.98542871096786
2020-11-28,2022-12-08,29.577380371056865,2.440448576465872
2020-11-28,2023-04-24,37.24052575167371,8.733068397486731
2020-11-28,2023-05-04,35.12402174288003,6.516557812422946
2020-11-28,2023-09-14,15.471814595645794,-14.465676959951184
2020-11-28,2023-10-12,19.23582829577392,-10.981664150705194
2020-11-28,2023-11-27,30.225997737520068,-0.4514954227838937
2020-11-28,2023-12-05,32.36711520507855,1.609621974845396
2021-02-15,2021-04-14,15.386552618252148,12.603721044117703
2021-02-15,2021-06-12,21.542361625273934,13.559192893836018
2021-02-15,2022-01-03,11.365782432469347,-10.158599072864225
2021-02-15,2022-02-22,24.064490017172176,1.737834056542177
2021-02-15,2022-02-25,24.871140068629956,2.504075391975883
2021-02-15,2022-12-08,11.439998066445314,-13.956362028574693
2021-02-15,2023-04-24,40.5258931014139,13.759007446797911
2021-02-15,2023-05-04,41.44544724109873,14.578555010212623
2021-02-15,2023-09-14,21.276651796167357,-6.920268059858634
2021-02-15,2023-10-12,16.178857824364314,-12.298062922543815
2021-02-15,2023-11-27,14.183854276837028,-14.753067183895947
2021-02-15,2023-12-05,14.775184937436954,-14.241736593225212
2021-04-14,2021-06-12,17.942094349525675,12.741757192222208
2021-04-14,2022-01-03,3.9601936168198417,-14.781356314379286
2021-04-14,2022-02-22,7.9672333382937985,-11.576591048201756
2021-04-14,2022-02-25,8.515090947972551,-11.069142154547079
2021-04-14,2022-12-08,10.427289803582212,-12.18623871730335
2021-04-14,2023-04-24,26.424502656947418,2.440448576465872
2021-04-14,2023-05-04,29.02193373455155,4.937873077799892
2021-04-14,2023-09-14,32.84414711038007,7.430058828488525
2021-04-14,2023-10-12,26.24229432109547,0.548205148321787
2021-04-14,2023-11-27,15.877421856674838,-10.276668029923693
2021-04-14,2023-12-05,14.555616900628376,-11.678473055899346
2021-06-12,2022-01-03,7.90915709358135,-5.632055680314308
2021-06-12,2022-02-22,0.1324228905338174,-14.211064338658268
2021-06-12,2022-02-25,-0.05588367552607387,-14.439779620742234
2021-06-12,2022-12-08,18.412341915432584,0.9991505518504902
2021-06-12,2023-04-24,7.499476451697225,-11.284240471480851
2021-06-12,2023-05-04,9.457710801248892,-9.426012698199296
2021-06-12,2023-09-14,35.203132080461124,14.989380955873045
2021-06-12,2023-10-12,33.51626738777098,13.022515372300768
2021-06-12,2023-11-27,24.812666743961362,3.8589140146663015
2021-06-12,2023-12-05,22.867662064206257,1.8339092649820037
2022-01-03,2022-02-22,12.171098867756633,11.368824412460206
2022-01-03,2022-02-25,12.701134124993725,11.858450953673223
2022-01-03,2022-12-08,-2.6736158718824514,-6.545594461568887
2022-01-03,2023-04-24,19.41175244761782,14.1692482983354
2022-01-03,2023-05-04,18.45998156658115,13.11747084102862
2022-01-03,2023-09-14,-7.432021412883584,-14.104559763576004
2022-01-03,2023-10-12,-7.9122015512801855,-14.864740792854741
2022-01-03,2023-11-27,-1.6065260852028604,-9.019066040602263
2022-01-03,2023-12-05,0.2030056695403717,-7.289534355788223
2022-02-22,2022-02-25,0.8141742190652005,0.7737655030411256
2022-02-22,2022-12-08,-11.42956602161145,-14.499270156001458
2022-02-22,2023-04-24,17.414453458362495,12.974223764376505
2022-02-22,2023-05-04,18.611570664887076,14.071334394630975
2022-02-22,2023-09-14,0.538433417441996,-5.331830477953997
2022-02-22,2023-10-12,-5.069989539218705,-11.220254325496834
2022-02-22,2023-11-27,-8.35748636654384,-14.967751866646816
2022-02-22,2023-12-05,-8.00111072374493,-14.691376293777097
2022-02-25,2022-12-08,-11.648926600337113,-14.678222018703046
2022-02-25,2023-04-24,16.96844860826964,12.568627630307725
2022-02-25,2023-05-04,18.284399877802443,13.784572323570416
2022-02-25,2023-09-14,1.2283566833493538,-4.601498496022565
2022-02-25,2023-10-12,-4.581927667408657,-10.69178373766271
2022-02-25,2023-11-27,-8.428678072227747,-14.998534856306648
2022-02-25,2023-12-05,-8.178112062392058,-14.82796891640015
2022-12-08,2023-04-24,11.97142389326022,10.600898333664237
2022-12-08,2023-05-04,10.098381546545756,8.627849410679662
2022-12-08,2023-09-14,-12.11794159355352,-14.918501354559504
2022-12-08,2023-10-12,-9.417183426949556,-12.497744078837677
2022-12-08,2023-11-27,0.6557387871265452,-2.8848225785864225
2022-12-08,2023-12-05,2.7823800820615623,-0.838181353580597
2023-04-24,2023-05-04,2.667662470423109,2.5676558941529977
2023-04-24,2023-09-14,10.881115566175533,9.45108136476553
2023-04-24,2023-10-12,4.689754235494705,2.979719143202567
2023-04-24,2023-11-27,-6.191990755374848,-8.362026561491833
2023-04-24,2023-12-05,-7.741296961868478,-9.991332837914655
2023-05-04,2023-09-14,12.6354925910336,11.305464965893709
2023-05-04,2023-10-12,7.0622527032656155,5.452224187243589
2023-05-04,2023-11-27,-4.0369130504669,-6.106942280313774
2023-05-04,2023-12-05,-5.778690625562877,-7.928719925338942
2023-09-14,2023-10-12,7.228869729394511,6.948868838512375
2023-09-14,2023-11-27,15.079691762368132,14.339690157661149
2023-09-14,2023-12-05,15.627938484001302,14.807936809365128
2023-10-12,2023-11-27,11.129136993432075,10.669136279607228
2023-10-12,2023-12-05,12.554705748428397,12.014704964674358
2023-11-27,2023-12-05,2.1377811307781998,2.0577810608490084
